{
    "llama-3.3-70b-versatile": 0.8536585365853658,
    "llama-3.1-8b-instant" : 0.5182926829268293,
    "llama3-70b-8192": 0.7195121951219512,
    "llama3-8b-8192": 0.43902439024390244,
    "gemma2-9b-it": 0.5853658536585366
}