{
    "qwen-2.5-coder-32b": {
        "pass_1_abs": 124,
        "pass_1_rel": 0.7560975609756098,
        "pass_2_abs": 145,
        "pass_2_rel": 0.8841463414634146,
        "pass_3_abs": 147,
        "pass_3_rel": 0.8963414634146342,
        "avg_attempts": 1.1700680272108843
    },
    "llama-3.3-70b-versatile": {
        "pass_1_abs": 136,
        "pass_1_rel": 0.8292682926829268,
        "pass_2_abs": 145,
        "pass_2_rel": 0.8841463414634146,
        "pass_3_abs": 147,
        "pass_3_rel": 0.8963414634146342,
        "avg_attempts": 1.08843537414966
    },
    "llama-3.1-8b-instant": {
        "pass_1_abs": 91,
        "pass_1_rel": 0.5548780487804879,
        "pass_2_abs": 102,
        "pass_2_rel": 0.6219512195121951,
        "pass_3_abs": 110,
        "pass_3_rel": 0.6707317073170732,
        "avg_attempts": 1.2454545454545454
    },
    "llama3-70b-8192": {
        "pass_1_abs": 114,
        "pass_1_rel": 0.6951219512195121,
        "pass_2_abs": 130,
        "pass_2_rel": 0.7926829268292683,
        "pass_3_abs": 139,
        "pass_3_rel": 0.8475609756097561,
        "avg_attempts": 1.2446043165467626
    },
    "llama3-8b-8192": {
        "pass_1_abs": 63,
        "pass_1_rel": 0.38414634146341464,
        "pass_2_abs": 85,
        "pass_2_rel": 0.5182926829268293,
        "pass_3_abs": 103,
        "pass_3_rel": 0.6280487804878049,
        "avg_attempts": 1.5631067961165048
    },
    "gemma2-9b-it": {
        "pass_1_abs": 90,
        "pass_1_rel": 0.5487804878048781,
        "pass_2_abs": 103,
        "pass_2_rel": 0.6280487804878049,
        "pass_3_abs": 108,
        "pass_3_rel": 0.6585365853658537,
        "avg_attempts": 1.212962962962963
    }
}